iter	Logloss
0	0.664870813
1	0.6392441867
